posts/2016-07-14-finally-an-android-app.html,An android app that I had written which acts like a SMS receiving and recording sever and acts as an SMS gateway
posts/2016-03-27-hello-world.html,My first post on this blog. It is called hello world because when learning a programming language, it is usually the first program that is written
posts/2017-01-08-the-girl-i-once-loved.html,A story about someone I once loved, where the text written for this blog just came flowing out in a way just like emotions come flowing out
posts/2016-07-18-at-nelkinda-coderetreat.html,A review and my feeling about a coding event called as Coderetreat which was held at Nelkinda Software Craft Pvt Ltd. Also, this post describes how the whole event went and how good it was and what someone can possibly learn from a Coderetreat.
posts/2017-01-08-the-girl-i-once-loved.html,A story about someone I once loved, where the text written for this blog just came flowing out in a way just like emotions come flowing out
posts/2016-07-18-at-nelkinda-coderetreat.html,A review and my feeling about a coding event called as Coderetreat which was held at Nelkinda Software Craft Pvt Ltd. Also, this post describes how the whole event went and how good it was and what someone can possibly learn from a Coderetreat.
posts/2016-07-14-finally-an-android-app.html,An android app that I had written which acts like a SMS receiving and recording sever and acts as an SMS gateway
posts/2016-03-27-hello-world.html,My first post on this blog. It is called hello world because when learning a programming language, it is usually the first program that is written
posts/2016-07-14-finally-an-android-app.html,An android app that I had written which acts like a SMS receiving and recording sever and acts as an SMS gateway
posts/2016-03-27-hello-world.html,My first post on this blog. It is called hello world because when learning a programming language, it is usually the first program that is written
posts/2017-01-08-the-girl-i-once-loved.html,A story about someone I once loved, where the text written for this blog just came flowing out in a way just like emotions come flowing out
posts/2016-07-18-at-nelkinda-coderetreat.html,A review and my feeling about a coding event called as Coderetreat which was held at Nelkinda Software Craft Pvt Ltd. Also, this post describes how the whole event went and how good it was and what someone can possibly learn from a Coderetreat.
posts/2016-07-18-at-nelkinda-coderetreat.html,A review and my feeling about a coding event called as Coderetreat which was held at Nelkinda Software Craft Pvt Ltd. Also, this post describes how the whole event went and how good it was and what someone can possibly learn from a Coderetreat.
posts/2017-01-08-the-girl-i-once-loved.html,A story about someone I once loved, where the text written for this blog just came flowing out in a way just like emotions come flowing out
posts/2016-07-14-finally-an-android-app.html,An android app that I had written which acts like a SMS receiving and recording sever and acts as an SMS gateway
posts/2016-03-27-hello-world.html,My first post on this blog. It is called hello world because when learning a programming language, it is usually the first program that is written
posts/2016-03-27-hello-world.html,My first post on this blog. It is called hello world because when learning a programming language, it is usually the first program that is written
posts/2016-07-14-finally-an-android-app.html,An android app that I had written which acts like a SMS receiving and recording sever and acts as an SMS gateway
posts/2017-01-08-the-girl-i-once-loved.html,A story about someone I once loved, where the text written for this blog just came flowing out in a way just like emotions come flowing out
posts/2016-07-18-at-nelkinda-coderetreat.html,A review and my feeling about a coding event called as Coderetreat which was held at Nelkinda Software Craft Pvt Ltd. Also, this post describes how the whole event went and how good it was and what someone can possibly learn from a Coderetreat.
posts/2016-07-14-finally-an-android-app.html,An android app that I had written which acts like a SMS receiving and recording sever and acts as an SMS gateway
posts/2016-07-18-at-nelkinda-coderetreat.html,A review and my feeling about a coding event called as Coderetreat which was held at Nelkinda Software Craft Pvt Ltd. Also, this post describes how the whole event went and how good it was and what someone can possibly learn from a Coderetreat.
posts/2016-03-27-hello-world.html,My first post on this blog. It is called hello world because when learning a programming language, it is usually the first program that is written
posts/2017-01-08-the-girl-i-once-loved.html,A story about someone I once loved, where the text written for this blog just came flowing out in a way just like emotions come flowing out
posts/2017-01-08-the-girl-i-once-loved.html,A story about someone I once loved, where the text written for this blog just came flowing out in a way just like emotions come flowing out
posts/2016-03-27-hello-world.html,My first post on this blog. It is called hello world because when learning a programming language, it is usually the first program that is written
posts/2016-07-18-at-nelkinda-coderetreat.html,A review and my feeling about a coding event called as Coderetreat which was held at Nelkinda Software Craft Pvt Ltd. Also, this post describes how the whole event went and how good it was and what someone can possibly learn from a Coderetreat.
posts/2016-07-14-finally-an-android-app.html,An android app that I had written which acts like a SMS receiving and recording sever and acts as an SMS gateway
posts/2017-01-08-the-girl-i-once-loved.html,A story about someone I once loved, where the text written for this blog just came flowing out in a way just like emotions come flowing out
posts/2016-03-27-hello-world.html,My first post on this blog. It is called hello world because when learning a programming language, it is usually the first program that is written
posts/2016-07-18-at-nelkinda-coderetreat.html,A review and my feeling about a coding event called as Coderetreat which was held at Nelkinda Software Craft Pvt Ltd. Also, this post describes how the whole event went and how good it was and what someone can possibly learn from a Coderetreat.
posts/2016-07-14-finally-an-android-app.html,An android app that I had written which acts like a SMS receiving and recording sever and acts as an SMS gateway
posts/2016-07-18-at-nelkinda-coderetreat.html,A review and my feeling about a coding event called as Coderetreat which was held at Nelkinda Software Craft Pvt Ltd. Also, this post describes how the whole event went and how good it was and what someone can possibly learn from a Coderetreat.
posts/2016-07-14-finally-an-android-app.html,An android app that I had written which acts like a SMS receiving and recording sever and acts as an SMS gateway
posts/2017-01-08-the-girl-i-once-loved.html,A story about someone I once loved, where the text written for this blog just came flowing out in a way just like emotions come flowing out
posts/2016-03-27-hello-world.html,My first post on this blog. It is called hello world because when learning a programming language, it is usually the first program that is written
posts/2017-01-08-the-girl-i-once-loved.html,A story about someone I once loved, where the text written for this blog just came flowing out in a way just like emotions come flowing out
posts/2016-07-14-finally-an-android-app.html,An android app that I had written which acts like a SMS receiving and recording sever and acts as an SMS gateway
posts/2016-07-18-at-nelkinda-coderetreat.html,A review and my feeling about a coding event called as Coderetreat which was held at Nelkinda Software Craft Pvt Ltd. Also, this post describes how the whole event went and how good it was and what someone can possibly learn from a Coderetreat.
posts/2016-03-27-hello-world.html,My first post on this blog. It is called hello world because when learning a programming language, it is usually the first program that is written
posts/2016-03-27-hello-world.html,My first post on this blog. It is called hello world because when learning a programming language, it is usually the first program that is written
posts/2016-07-18-at-nelkinda-coderetreat.html,A review and my feeling about a coding event called as Coderetreat which was held at Nelkinda Software Craft Pvt Ltd. Also, this post describes how the whole event went and how good it was and what someone can possibly learn from a Coderetreat.
posts/2016-07-14-finally-an-android-app.html,An android app that I had written which acts like a SMS receiving and recording sever and acts as an SMS gateway
posts/2017-01-08-the-girl-i-once-loved.html,A story about someone I once loved, where the text written for this blog just came flowing out in a way just like emotions come flowing out
posts/2016-07-18-at-nelkinda-coderetreat.html,A review and my feeling about a coding event called as Coderetreat which was held at Nelkinda Software Craft Pvt Ltd. Also, this post describes how the whole event went and how good it was and what someone can possibly learn from a Coderetreat.
posts/2016-03-27-hello-world.html,My first post on this blog. It is called hello world because when learning a programming language, it is usually the first program that is written
posts/2017-01-08-the-girl-i-once-loved.html,A story about someone I once loved, where the text written for this blog just came flowing out in a way just like emotions come flowing out
posts/2016-07-14-finally-an-android-app.html,An android app that I had written which acts like a SMS receiving and recording sever and acts as an SMS gateway
posts/2016-07-14-finally-an-android-app.html,An android app that I had written which acts like a SMS receiving and recording sever and acts as an SMS gateway
posts/2016-07-18-at-nelkinda-coderetreat.html,A review and my feeling about a coding event called as Coderetreat which was held at Nelkinda Software Craft Pvt Ltd. Also, this post describes how the whole event went and how good it was and what someone can possibly learn from a Coderetreat.
posts/2016-03-27-hello-world.html,My first post on this blog. It is called hello world because when learning a programming language, it is usually the first program that is written
posts/2017-01-08-the-girl-i-once-loved.html,A story about someone I once loved, where the text written for this blog just came flowing out in a way just like emotions come flowing out
posts/2016-07-14-finally-an-android-app.html,An android app that I had written which acts like a SMS receiving and recording sever and acts as an SMS gateway
posts/2016-03-27-hello-world.html,My first post on this blog. It is called hello world because when learning a programming language, it is usually the first program that is written
posts/2017-01-08-the-girl-i-once-loved.html,A story about someone I once loved, where the text written for this blog just came flowing out in a way just like emotions come flowing out
posts/2016-07-18-at-nelkinda-coderetreat.html,A review and my feeling about a coding event called as Coderetreat which was held at Nelkinda Software Craft Pvt Ltd. Also, this post describes how the whole event went and how good it was and what someone can possibly learn from a Coderetreat.
posts/2016-07-14-finally-an-android-app.html,An android app that I had written which acts like a SMS receiving and recording sever and acts as an SMS gateway
posts/2017-01-08-the-girl-i-once-loved.html,A story about someone I once loved, where the text written for this blog just came flowing out in a way just like emotions come flowing out
posts/2016-03-27-hello-world.html,My first post on this blog. It is called hello world because when learning a programming language, it is usually the first program that is written
posts/2016-07-18-at-nelkinda-coderetreat.html,A review and my feeling about a coding event called as Coderetreat which was held at Nelkinda Software Craft Pvt Ltd. Also, this post describes how the whole event went and how good it was and what someone can possibly learn from a Coderetreat.
posts/2017-01-08-the-girl-i-once-loved.html,A story about someone I once loved, where the text written for this blog just came flowing out in a way just like emotions come flowing out
posts/2016-03-27-hello-world.html,My first post on this blog. It is called hello world because when learning a programming language, it is usually the first program that is written
posts/2016-07-18-at-nelkinda-coderetreat.html,A review and my feeling about a coding event called as Coderetreat which was held at Nelkinda Software Craft Pvt Ltd. Also, this post describes how the whole event went and how good it was and what someone can possibly learn from a Coderetreat.
posts/2016-07-14-finally-an-android-app.html,An android app that I had written which acts like a SMS receiving and recording sever and acts as an SMS gateway
posts/2016-07-14-finally-an-android-app.html,An android app that I had written which acts like a SMS receiving and recording sever and acts as an SMS gateway
posts/2016-07-18-at-nelkinda-coderetreat.html,A review and my feeling about a coding event called as Coderetreat which was held at Nelkinda Software Craft Pvt Ltd. Also, this post describes how the whole event went and how good it was and what someone can possibly learn from a Coderetreat.
posts/2016-03-27-hello-world.html,My first post on this blog. It is called hello world because when learning a programming language, it is usually the first program that is written
posts/2017-01-08-the-girl-i-once-loved.html,A story about someone I once loved, where the text written for this blog just came flowing out in a way just like emotions come flowing out
posts/2016-03-27-hello-world.html,My first post on this blog. It is called hello world because when learning a programming language, it is usually the first program that is written
posts/2017-01-08-the-girl-i-once-loved.html,A story about someone I once loved, where the text written for this blog just came flowing out in a way just like emotions come flowing out
posts/2016-07-14-finally-an-android-app.html,An android app that I had written which acts like a SMS receiving and recording sever and acts as an SMS gateway
posts/2016-07-18-at-nelkinda-coderetreat.html,A review and my feeling about a coding event called as Coderetreat which was held at Nelkinda Software Craft Pvt Ltd. Also, this post describes how the whole event went and how good it was and what someone can possibly learn from a Coderetreat.
posts/2016-03-27-hello-world.html,My first post on this blog. It is called hello world because when learning a programming language, it is usually the first program that is written
posts/2017-01-08-the-girl-i-once-loved.html,A story about someone I once loved, where the text written for this blog just came flowing out in a way just like emotions come flowing out
posts/2016-07-18-at-nelkinda-coderetreat.html,A review and my feeling about a coding event called as Coderetreat which was held at Nelkinda Software Craft Pvt Ltd. Also, this post describes how the whole event went and how good it was and what someone can possibly learn from a Coderetreat.
posts/2016-07-14-finally-an-android-app.html,An android app that I had written which acts like a SMS receiving and recording sever and acts as an SMS gateway
posts/2017-01-08-the-girl-i-once-loved.html,A story about someone I once loved, where the text written for this blog just came flowing out in a way just like emotions come flowing out
posts/2016-07-18-at-nelkinda-coderetreat.html,A review and my feeling about a coding event called as Coderetreat which was held at Nelkinda Software Craft Pvt Ltd. Also, this post describes how the whole event went and how good it was and what someone can possibly learn from a Coderetreat.
posts/2016-03-27-hello-world.html,My first post on this blog. It is called hello world because when learning a programming language, it is usually the first program that is written
posts/2016-07-14-finally-an-android-app.html,An android app that I had written which acts like a SMS receiving and recording sever and acts as an SMS gateway
posts/2017-01-08-the-girl-i-once-loved.html,A story about someone I once loved, where the text written for this blog just came flowing out in a way just like emotions come flowing out
posts/2016-07-18-at-nelkinda-coderetreat.html,A review and my feeling about a coding event called as Coderetreat which was held at Nelkinda Software Craft Pvt Ltd. Also, this post describes how the whole event went and how good it was and what someone can possibly learn from a Coderetreat.
posts/2016-07-14-finally-an-android-app.html,An android app that I had written which acts like a SMS receiving and recording sever and acts as an SMS gateway
posts/2016-03-27-hello-world.html,My first post on this blog. It is called hello world because when learning a programming language, it is usually the first program that is written
posts/2016-03-27-hello-world.html,My first post on this blog. It is called hello world because when learning a programming language, it is usually the first program that is written
posts/2017-01-08-the-girl-i-once-loved.html,A story about someone I once loved, where the text written for this blog just came flowing out in a way just like emotions come flowing out
posts/2016-07-14-finally-an-android-app.html,An android app that I had written which acts like a SMS receiving and recording sever and acts as an SMS gateway
posts/2016-07-18-at-nelkinda-coderetreat.html,A review and my feeling about a coding event called as Coderetreat which was held at Nelkinda Software Craft Pvt Ltd. Also, this post describes how the whole event went and how good it was and what someone can possibly learn from a Coderetreat.
